<?xml version='1.0'?>
<home version='7200' exportFlags='17' name='HACKATHONE.sh3d' camera='observerCamera' wallHeight='250.0'>
  <property name='AdvancedPhotoPanel.PhotoDialogHeight' value='1143'/>
  <property name='AdvancedPhotoPanel.PhotoDialogWidth' value='983'/>
  <property name='AdvancedPhotoPanel.PhotoDialogX' value='2957'/>
  <property name='AdvancedPhotoPanel.PhotoDialogY' value='93'/>
  <property name='AdvancedVideoPanel.VideoDialogX' value='32'/>
  <property name='AdvancedVideoPanel.VideoDialogY' value='32'/>
  <environment groundColor='00A8A8A8' skyColor='00CCE4FC' lightColor='00707070'>
    <observerCamera attribute='cameraPath' id='observerCamera-8be92746-5441-4324-b27c-d6996d28de12' lens='PINHOLE' x='1407.5903' y='-166.2688' z='150.0' yaw='8.000228' pitch='0.1807963' fieldOfView='1.5707964' time='1706443200000' renderer='com.eteks.sweethome3d.j3d.PhotoRenderer'/>
    <observerCamera attribute='cameraPath' id='observerCamera-f395ccc3-3d03-4aa7-b76f-a64d789e8ca3' lens='PINHOLE' x='322.24597' y='839.35724' z='150.0' yaw='9.652312' pitch='-0.29420367' fieldOfView='1.5707964' time='1706443200000'/>
    <texture attribute='skyTexture' name='Nublado' creator='eTeks' catalogId='eTeks#cloudy' width='100.0' height='27.6' image='0'/>
  </environment>
  <observerCamera attribute='observerCamera' lens='PINHOLE' x='1809.4888' y='-406.39252' z='150.0' yaw='13.498803' pitch='0.0057971114' fieldOfView='1.5707964' time='1706443200000'/>
  <camera attribute='topCamera' lens='NORMAL' x='842.55115' y='996.1416' z='2862.401' yaw='15.661611' pitch='1.1399992' fieldOfView='1.0995575' time='1706443200000'/>
  <pieceOfFurniture catalogId='eTeks#laptop' name='Portatil' creator='eTeks' model='2' x='706.73157' y='683.70514' elevation='74.0' angle='3.1415927' width='32.5' depth='35.5' height='19.2' modelSize='45826'/>
  <pieceOfFurniture catalogId='eTeks#chair2' name='Silla' creator='eTeks' model='4' x='283.27594' y='646.9026' width='48.600002' depth='49.9' height='80.0' modelSize='16429'/>
  <pieceOfFurniture name='Trees' model='6/trees/birch/birch.obj' x='2825.5537' y='340.7019' width='420.0' depth='400.0' height='800.0' modelSize='28040866'/>
  <pieceOfFurniture name='Trees' model='6/trees/birch/birch.obj' x='2833.577' y='725.21533' width='420.0' depth='400.0' height='800.0' modelSize='28040866'/>
  <pieceOfFurniture name='stage' model='8/stage.obj' x='479.44434' y='141.57812' elevation='10.0' width='501.0' depth='226.0' height='500.0' modelSize='2673453'/>
  <pieceOfFurniture name='wg83jqdc2gw0-Game_Controller' model='10/Game%20Controller/Controller%20Model.obj' x='6.07292' y='-4.526038' width='7.4194207' depth='2.5834699' height='4.677509' modelSize='1076293'/>
  <pieceOfFurniture catalogId='eTeks#kitchenCabinet' name='Mueble cocina' creator='eTeks' model='12' x='1214.4927' y='1581.9025' width='746.0' depth='86.0' height='85.0' modelSize='11366' movable='false'/>
  <pieceOfFurniture catalogId='eTeks#kitchenCabinet' name='Mueble cocina' creator='eTeks' model='12' x='518.3036' y='1255.0382' width='457.0' depth='82.0' height='85.0' modelSize='11366' movable='false'/>
  <pieceOfFurniture catalogId='Blend Swap CC-0#cupcake' name='Magdalena con nata' creator='Dvachib' model='14/cupcake.obj' x='609.06696' y='1064.2782' elevation='85.0' width='5.9' depth='5.9' height='7.5' modelSize='367092'/>
  <doorOrWindow catalogId='eTeks#serviceHatch' name='Agujero en la pared' creator='eTeks' model='16' x='1715.6132' y='432.69183' elevation='216.0' angle='1.5707964' width='671.0' depth='7.50075' height='80.0' modelSize='2316' movable='false' cutOutShape='M0,0 v1 h1 v-1 z'/>
  <pieceOfFurniture catalogId='eTeks#table' name='Mesa rectangular' creator='eTeks' model='18' x='869.6474' y='135.65134' angle='1.5707964' width='220.0' depth='60.0' height='74.0' color='FFD4D4D4' modelSize='5486'/>
  <pieceOfFurniture catalogId='eTeks#table' name='Mesa rectangular' creator='eTeks' model='18' x='786.01794' y='684.566' width='240.0' depth='80.0' height='74.0' color='FFE8E8E8' modelSize='5486'/>
  <pieceOfFurniture name='AUTOMATIC_SLIDING_DOOR_3DS' model='20/AUTOMATIC_SLIDING_DOOR_3DS.3DS.obj' x='210.6637' y='1115.5729' angle='4.712389' width='346.0' depth='33.0' height='300.0' modelSize='53810'/>
  <pieceOfFurniture name='AUTOMATIC_SLIDING_DOOR_3DS' model='20/AUTOMATIC_SLIDING_DOOR_3DS.3DS.obj' x='1099.5602' y='-3.8416128' angle='3.1415927' width='400.0' depth='17.4' height='300.0' modelSize='53810'/>
  <pieceOfFurniture catalogId='eTeks#table' name='Mesa rectangular' creator='eTeks' model='18' x='1504.0602' y='32.105774' width='409.0' depth='63.0' height='74.0' modelSize='5486'/>
  <pieceOfFurniture catalogId='eTeks#table' name='Mesa rectangular' creator='eTeks' model='18' x='1667.0851' y='209.3973' width='80.0' depth='80.0' height='74.0' modelSize='5486'>
    <material name='black' color='FFFFFFFF'/>
  </pieceOfFurniture>
  <pieceOfFurniture catalogId='eTeks#table' name='Mesa rectangular' creator='eTeks' model='18' x='1495.882' y='209.45671' width='80.0' depth='80.0' height='74.0' modelSize='5486'>
    <material name='black' color='FFFFFFFF'/>
  </pieceOfFurniture>
  <pieceOfFurniture catalogId='eTeks#table' name='Mesa rectangular' creator='eTeks' model='18' x='1581.9006' y='209.27553' width='80.0' depth='80.0' height='74.0' modelSize='5486'>
    <material name='black' color='FFFFFFFF'/>
  </pieceOfFurniture>
  <pieceOfFurniture catalogId='eTeks#table' name='Mesa rectangular' creator='eTeks' model='18' x='1409.8875' y='210.27951' width='80.0' depth='80.0' height='74.0' modelSize='5486'>
    <material name='black' color='FFFFFFFF'/>
  </pieceOfFurniture>
  <pieceOfFurniture catalogId='eTeks#table' name='Mesa rectangular' creator='eTeks' model='18' x='1325.1609' y='209.73267' width='80.0' depth='80.0' height='74.0' modelSize='5486'>
    <material name='black' color='FFFFFFFF'/>
  </pieceOfFurniture>
  <doorOrWindow catalogId='eTeks#serviceHatch' name='Agujero en la pared' creator='eTeks' model='16' x='1715.6132' y='1281.1754' elevation='142.0' angle='4.712389' width='600.0' depth='7.50075' height='70.0' modelSize='2316' movable='false' cutOutShape='M0,0 v1 h1 v-1 z'/>
  <pieceOfFurniture catalogId='eTeks#table' name='Mesa rectangular' creator='eTeks' model='18' x='1585.4039' y='468.16116' width='240.0' depth='80.0' height='74.0' color='FFE8E8E8' modelSize='5486'/>
  <pieceOfFurniture catalogId='eTeks#table' name='Mesa rectangular' creator='eTeks' model='18' x='1185.4039' y='468.78964' width='80.0' depth='80.0' height='74.0' color='FF994600' modelSize='5486'/>
  <pieceOfFurniture catalogId='eTeks#table' name='Mesa rectangular' creator='eTeks' model='18' x='1585.1283' y='667.1744' width='240.0' depth='80.0' height='74.0' color='FFE8E8E8' modelSize='5486'/>
  <pieceOfFurniture catalogId='eTeks#table' name='Mesa rectangular' creator='eTeks' model='18' x='1345.1283' y='667.30414' width='240.0' depth='80.0' height='74.0' color='FFE8E8E8' modelSize='5486'/>
  <pieceOfFurniture catalogId='eTeks#table' name='Mesa rectangular' creator='eTeks' model='18' x='1185.1283' y='669.5593' width='80.0' depth='80.0' height='74.0' color='FF994600' modelSize='5486'/>
  <pieceOfFurniture catalogId='eTeks#table' name='Mesa rectangular' creator='eTeks' model='18' x='1345.5664' y='863.3614' width='240.0' depth='80.0' height='74.0' color='FFE8E8E8' modelSize='5486'/>
  <pieceOfFurniture catalogId='eTeks#table' name='Mesa rectangular' creator='eTeks' model='18' x='1585.5664' y='863.2316' width='240.0' depth='80.0' height='74.0' color='FFE8E8E8' modelSize='5486'/>
  <pieceOfFurniture catalogId='eTeks#table' name='Mesa rectangular' creator='eTeks' model='18' x='1185.5664' y='865.6166' width='80.0' depth='80.0' height='74.0' modelSize='5486'>
    <material name='black' color='FFFFFFFF'/>
  </pieceOfFurniture>
  <pieceOfFurniture catalogId='eTeks#table' name='Mesa rectangular' creator='eTeks' model='18' x='1105.5664' y='866.0547' width='80.0' depth='80.0' height='74.0' color='FF994600' modelSize='5486'/>
  <pieceOfFurniture catalogId='eTeks#table' name='Mesa rectangular' creator='eTeks' model='18' x='1344.2261' y='1036.3' width='240.0' depth='80.0' height='74.0' modelSize='5486'/>
  <pieceOfFurniture catalogId='eTeks#table' name='Mesa rectangular' creator='eTeks' model='18' x='1584.2261' y='1036.1702' width='240.0' depth='80.0' height='74.0' modelSize='5486'/>
  <pieceOfFurniture catalogId='eTeks#table' name='Mesa rectangular' creator='eTeks' model='18' x='1104.2261' y='1036.7382' width='240.0' depth='80.0' height='74.0' modelSize='5486'/>
  <pieceOfFurniture catalogId='eTeks#table' name='Mesa rectangular' creator='eTeks' model='18' x='1428.2909' y='1197.6492' width='240.0' depth='80.0' height='74.0' modelSize='5486'/>
  <pieceOfFurniture catalogId='eTeks#table' name='Mesa rectangular' creator='eTeks' model='18' x='1188.2909' y='1197.779' width='240.0' depth='80.0' height='74.0' modelSize='5486'/>
  <pieceOfFurniture catalogId='eTeks#table' name='Mesa rectangular' creator='eTeks' model='18' x='948.2909' y='1198.2172' width='240.0' depth='80.0' height='74.0' modelSize='5486'/>
  <pieceOfFurniture catalogId='eTeks#table' name='Mesa rectangular' creator='eTeks' model='18' x='1588.2909' y='1198.378' width='80.0' depth='80.0' height='74.0' color='FF994600' modelSize='5486'/>
  <pieceOfFurniture catalogId='eTeks#table' name='Mesa rectangular' creator='eTeks' model='18' x='1214.8329' y='1380.8323' width='80.0' depth='80.0' height='74.0' color='FF994600' modelSize='5486'/>
  <pieceOfFurniture catalogId='eTeks#table' name='Mesa rectangular' creator='eTeks' model='18' x='1294.8329' y='1381.3711' width='80.0' depth='80.0' height='74.0' color='FF994600' modelSize='5486'/>
  <pieceOfFurniture catalogId='eTeks#table' name='Mesa rectangular' creator='eTeks' model='18' x='1374.8329' y='1380.5321' width='80.0' depth='80.0' height='74.0' color='FF994600' modelSize='5486'/>
  <pieceOfFurniture catalogId='eTeks#table' name='Mesa rectangular' creator='eTeks' model='18' x='1454.8329' y='1381.2015' width='80.0' depth='80.0' height='74.0' color='FF994600' modelSize='5486'/>
  <pieceOfFurniture catalogId='eTeks#table' name='Mesa rectangular' creator='eTeks' model='18' x='-682.4924' y='750.18494' width='80.0' depth='80.0' height='74.0' color='FF994600' modelSize='5486'/>
  <pieceOfFurniture catalogId='eTeks#table' name='Mesa rectangular' creator='eTeks' model='18' x='-426.0614' y='745.4623' width='240.0' depth='80.0' height='74.0' color='FFE8E8E8' modelSize='5486'/>
  <doorOrWindow catalogId='eTeks#serviceHatch' name='Agujero en la pared' creator='eTeks' model='16' x='1715.6132' y='490.84607' elevation='12.0' angle='4.712389' width='800.0' depth='7.50075' height='70.0' modelSize='2316' movable='false' cutOutShape='M0,0 v1 h1 v-1 z'/>
  <pieceOfFurniture catalogId='eTeks#table' name='Mesa rectangular' creator='eTeks' model='18' x='1345.4039' y='468.34048' width='240.0' depth='80.0' height='74.0' color='FFE8E8E8' modelSize='5486'/>
  <pieceOfFurniture name='promotional-tent-005' model='22/promotional-tent-005.obj' x='1476.7246' y='-428.112' width='210.0' depth='210.3' height='230.8' color='FF000491' modelSize='30838926'/>
  <pieceOfFurniture name='promotional-tent-005' model='22/promotional-tent-005.obj' x='1266.7246' y='-426.3958' width='210.0' depth='210.3' height='230.8' color='FF000491' modelSize='30838926'/>
  <pieceOfFurniture name='promotional-tent-005' model='22/promotional-tent-005.obj' x='886.6437' y='-659.9124' angle='4.712389' width='210.0' depth='210.3' height='230.8' modelSize='30838926'/>
  <pieceOfFurniture name='promotional-tent-005' model='22/promotional-tent-005.obj' x='887.08527' y='-869.9124' angle='4.712389' width='210.0' depth='210.3' height='230.8' modelSize='30838926'/>
  <pieceOfFurniture name='promotional-tent-005' model='22/promotional-tent-005.obj' x='912.03674' y='-1557.9764' angle='4.712389' width='210.0' depth='210.3' height='230.8' modelSize='30838926'/>
  <pieceOfFurniture name='promotional-tent-005' model='22/promotional-tent-005.obj' x='911.5951' y='-1347.9763' angle='4.712389' width='210.0' depth='210.3' height='230.8' modelSize='30838926'/>
  <pieceOfFurniture name='promotional-tent-005' model='22/promotional-tent-005.obj' x='439.92322' y='-1780.1808' angle='3.1415927' width='210.0' depth='210.3' height='230.8' modelSize='30838926'/>
  <pieceOfFurniture name='promotional-tent-005' model='22/promotional-tent-005.obj' x='668.2411' y='-1781.3145' angle='3.1415927' width='210.0' depth='210.3' height='230.8' modelSize='30838926'/>
  <pieceOfFurniture catalogId='eTeks#table' name='Mesa rectangular' creator='eTeks' model='18' x='357.8003' y='688.8392' width='240.0' depth='80.0' height='74.0' modelSize='5486'>
    <material name='black' color='FF515151'/>
  </pieceOfFurniture>
  <pieceOfFurniture name='vidrio benja' model='24/vidrio%20benja.obj' x='239.9473' y='2.5458758' angle='1.7484555E-7' width='80.0' depth='9.0' height='600.0' modelSize='2588'>
    <material name='2' color='00000000' shininess='0.765625'/>
  </pieceOfFurniture>
  <pieceOfFurniture name='vidrio benja' model='24/vidrio%20benja.obj' x='205.14175' y='47.045868' angle='4.712389' width='80.0' depth='9.0' height='600.0' modelSize='2588'>
    <material name='2' color='00000000' shininess='0.765625'/>
  </pieceOfFurniture>
  <pieceOfFurniture name='vidrio benja' model='24/vidrio%20benja.obj' x='205.12169' y='127.04587' angle='4.712389' width='80.0' depth='9.0' height='600.0' modelSize='2588'>
    <material name='2' color='00000000' shininess='0.765625'/>
  </pieceOfFurniture>
  <pieceOfFurniture name='vidrio benja' model='24/vidrio%20benja.obj' x='205.12169' y='207.41525' angle='4.712389' width='80.0' depth='9.0' height='600.0' modelSize='2588'>
    <material name='2' color='00000000' shininess='0.765625'/>
  </pieceOfFurniture>
  <pieceOfFurniture name='vidrio benja' model='24/vidrio%20benja.obj' x='205.10162' y='287.41525' angle='4.712389' width='80.0' depth='9.0' height='600.0' modelSize='2588'>
    <material name='2' color='00000000' shininess='0.765625'/>
  </pieceOfFurniture>
  <pieceOfFurniture name='vidrio benja' model='24/vidrio%20benja.obj' x='205.31696' y='696.2073' angle='4.712389' width='80.0' depth='9.0' height='600.0' modelSize='2588'>
    <material name='2' color='00000000' shininess='0.765625'/>
  </pieceOfFurniture>
  <pieceOfFurniture name='vidrio benja' model='24/vidrio%20benja.obj' x='205.33702' y='616.2073' angle='4.712389' width='80.0' depth='9.0' height='600.0' modelSize='2588'>
    <material name='2' color='00000000' shininess='0.765625'/>
  </pieceOfFurniture>
  <pieceOfFurniture name='vidrio benja' model='24/vidrio%20benja.obj' x='205.33702' y='535.8379' angle='4.712389' width='80.0' depth='9.0' height='600.0' modelSize='2588'>
    <material name='2' color='00000000' shininess='0.765625'/>
  </pieceOfFurniture>
  <pieceOfFurniture name='vidrio benja' model='24/vidrio%20benja.obj' x='205.35709' y='455.83786' angle='4.712389' width='80.0' depth='9.0' height='600.0' modelSize='2588'>
    <material name='2' color='00000000' shininess='0.765625'/>
  </pieceOfFurniture>
  <pieceOfFurniture name='vidrio benja' model='24/vidrio%20benja.obj' x='205.55235' y='777.4607' angle='4.712389' width='80.0' depth='9.0' height='600.0' modelSize='2588'>
    <material name='2' color='00000000' shininess='0.765625'/>
  </pieceOfFurniture>
  <pieceOfFurniture name='vidrio benja' model='24/vidrio%20benja.obj' x='206.37665' y='878.9607' angle='4.712389' width='123.0' depth='9.0' height='600.0' modelSize='2588'>
    <material name='2' color='00000000' shininess='0.765625'/>
  </pieceOfFurniture>
  <pieceOfFurniture catalogId='eTeks#table' name='Mesa rectangular' creator='eTeks' model='18' x='869.6205' y='368.1384' angle='1.5707964' width='220.0' depth='60.0' height='74.0' color='FFD4D4D4' modelSize='5486'/>
  <pieceOfFurniture name='vidrio benja' model='24/vidrio%20benja.obj' x='860.1183' y='1.5545943' angle='1.7484555E-7' width='80.0' depth='9.0' height='600.0' modelSize='2588'>
    <material name='2' color='00000000' shininess='0.765625'/>
  </pieceOfFurniture>
  <pieceOfFurniture name='vidrio benja' model='24/vidrio%20benja.obj' x='653.2246' y='-531.12256' angle='1.7484555E-7' width='253.0' depth='9.0' height='100.0' modelSize='2588'>
    <material name='2' color='00000000' shininess='0.765625'/>
  </pieceOfFurniture>
  <doorOrWindow catalogId='eTeks#serviceHatch' name='Agujero en la pared' creator='eTeks' model='16' x='1715.6132' y='1177.9131' elevation='419.0' angle='4.712389' width='790.0' depth='7.50075' height='60.0' modelSize='2316' movable='false' cutOutShape='M0,0 v1 h1 v-1 z'/>
  <wall id='wall-db926d59-a458-427c-8834-3fb7be98d953' wallAtEnd='wall-0e223f55-c5e0-429e-a290-17a788cb6523' xStart='1715.6132' yStart='1662.8557' xEnd='1715.6132' yEnd='-3.1442432' height='600.0' thickness='7.5' pattern='hatchUp'>
    <texture attribute='leftSideTexture' name='Paneles de madera' creator='Scopia' catalogId='eTeksScopia#wood-paneling' width='100.0' height='100.0' scale='1.5' image='29'/>
    <texture attribute='rightSideTexture' name='Paneles de madera' creator='Scopia' catalogId='eTeksScopia#wood-paneling' width='100.0' height='100.0' scale='1.5' image='29'/>
  </wall>
  <wall id='wall-0e223f55-c5e0-429e-a290-17a788cb6523' wallAtStart='wall-db926d59-a458-427c-8834-3fb7be98d953' xStart='1715.6132' yStart='-3.1442432' xEnd='1301.6132' yEnd='-3.1442432' height='600.0' thickness='7.5' pattern='hatchUp'>
    <texture attribute='leftSideTexture' name='Vidrio traslúcido' creator='Scopia' catalogId='eTeksScopia#wall-frosted-glass' width='60.0' height='60.0' scale='1.5' image='30'/>
    <texture attribute='rightSideTexture' name='Paneles de madera' creator='Scopia' width='100.0' height='100.0' scale='1.5' image='29'/>
  </wall>
  <wall id='wall-ccd76e4f-6df1-48b0-9281-9952ad9fee2c' wallAtStart='wall-a8529ef1-c0ac-4c16-9229-b7313f2754d7' wallAtEnd='wall-6adbf8f1-de22-4624-a560-d7701af3789e' xStart='1630.951' yStart='412.71667' xEnd='1630.951' yEnd='332.71667' height='600.0' thickness='7.5' pattern='hatchUp'>
    <texture attribute='leftSideTexture' name='Cemento rugoso' creator='Scopia' catalogId='eTeksScopia#concrete-wall-2' width='100.0' height='100.0' image='25'/>
  </wall>
  <wall id='wall-37909382-c500-4469-9156-9069b5cbae90' wallAtStart='wall-6adbf8f1-de22-4624-a560-d7701af3789e' wallAtEnd='wall-a8529ef1-c0ac-4c16-9229-b7313f2754d7' xStart='1710.9509' yStart='332.71667' xEnd='1710.9509' yEnd='412.71667' height='600.0' thickness='7.5' pattern='hatchUp'>
    <texture attribute='leftSideTexture' name='Cemento rugoso' creator='Scopia' catalogId='eTeksScopia#concrete-wall-2' width='100.0' height='100.0' image='25'/>
  </wall>
  <wall id='wall-6adbf8f1-de22-4624-a560-d7701af3789e' wallAtStart='wall-ccd76e4f-6df1-48b0-9281-9952ad9fee2c' wallAtEnd='wall-37909382-c500-4469-9156-9069b5cbae90' xStart='1630.951' yStart='332.71667' xEnd='1710.9509' yEnd='332.71667' height='600.0' thickness='7.5' pattern='hatchUp'>
    <texture attribute='leftSideTexture' name='Cemento rugoso' creator='Scopia' catalogId='eTeksScopia#concrete-wall-2' width='100.0' height='100.0' image='25'/>
  </wall>
  <wall id='wall-a8529ef1-c0ac-4c16-9229-b7313f2754d7' wallAtStart='wall-37909382-c500-4469-9156-9069b5cbae90' wallAtEnd='wall-ccd76e4f-6df1-48b0-9281-9952ad9fee2c' xStart='1710.9509' yStart='412.71667' xEnd='1630.951' yEnd='412.71667' height='600.0' thickness='7.5' pattern='hatchUp'>
    <texture attribute='leftSideTexture' name='Cemento rugoso' creator='Scopia' catalogId='eTeksScopia#concrete-wall-2' width='100.0' height='100.0' image='25'/>
  </wall>
  <wall id='wall-0457267d-b1a7-49a5-af93-9601664a82a4' wallAtStart='wall-ca0ab0fd-1a72-4afa-8863-fde3c8d0056d' wallAtEnd='wall-2d56201a-d76e-4870-926f-f0756c4ba72b' xStart='1707.7574' yStart='1294.5137' xEnd='1627.7573' yEnd='1294.5137' height='600.0' thickness='7.5' pattern='hatchUp'>
    <texture attribute='leftSideTexture' name='Hormigón' creator='Scopia' catalogId='eTeksScopia#concrete-wall-1' width='100.0' height='100.0' image='31'/>
  </wall>
  <wall id='wall-ca0ab0fd-1a72-4afa-8863-fde3c8d0056d' wallAtStart='wall-0daf3029-7118-4d1b-b2b7-8a0ef687cd9b' wallAtEnd='wall-0457267d-b1a7-49a5-af93-9601664a82a4' xStart='1707.7574' yStart='1214.5138' xEnd='1707.7574' yEnd='1294.5137' height='600.0' thickness='7.5' pattern='hatchUp'>
    <texture attribute='leftSideTexture' name='Hormigón' creator='Scopia' catalogId='eTeksScopia#concrete-wall-1' width='100.0' height='100.0' image='31'/>
  </wall>
  <wall id='wall-0daf3029-7118-4d1b-b2b7-8a0ef687cd9b' wallAtEnd='wall-ca0ab0fd-1a72-4afa-8863-fde3c8d0056d' xStart='1627.7573' yStart='1214.5138' xEnd='1707.7574' yEnd='1214.5138' height='600.0' thickness='7.5' pattern='hatchUp'>
    <texture attribute='leftSideTexture' name='Hormigón' creator='Scopia' catalogId='eTeksScopia#concrete-wall-1' width='100.0' height='100.0' image='31'/>
  </wall>
  <wall id='wall-2d56201a-d76e-4870-926f-f0756c4ba72b' wallAtStart='wall-0457267d-b1a7-49a5-af93-9601664a82a4' xStart='1627.7573' yStart='1294.5137' xEnd='1627.7573' yEnd='1214.5138' height='600.0' thickness='7.5' pattern='hatchUp'>
    <texture attribute='leftSideTexture' name='Hormigón' creator='Scopia' catalogId='eTeksScopia#concrete-wall-1' width='100.0' height='100.0' image='31'/>
  </wall>
  <wall id='wall-ed523cec-3f37-4201-862e-e3a51da89917' wallAtStart='wall-7ad46ccb-9a0e-4ecd-961c-c6dd2cc8a8c9' wallAtEnd='wall-380a26aa-2c1c-4899-9285-f8cc2ce41906' xStart='892.8382' yStart='-410.59436' xEnd='892.8382' yEnd='-330.59436' height='600.0' thickness='7.5' pattern='hatchUp'>
    <texture attribute='leftSideTexture' name='Cemento rugoso' creator='Scopia' catalogId='eTeksScopia#concrete-wall-2' width='100.0' height='100.0' image='25'/>
  </wall>
  <wall id='wall-380a26aa-2c1c-4899-9285-f8cc2ce41906' wallAtStart='wall-ed523cec-3f37-4201-862e-e3a51da89917' wallAtEnd='wall-c3ce5de8-78d4-4fc1-b03d-09008cddff53' xStart='892.8382' yStart='-330.59436' xEnd='812.8382' yEnd='-330.59436' height='600.0' thickness='7.5' pattern='hatchUp'>
    <texture attribute='leftSideTexture' name='Cemento rugoso' creator='Scopia' catalogId='eTeksScopia#concrete-wall-2' width='100.0' height='100.0' image='25'/>
  </wall>
  <wall id='wall-c3ce5de8-78d4-4fc1-b03d-09008cddff53' wallAtStart='wall-380a26aa-2c1c-4899-9285-f8cc2ce41906' xStart='812.8382' yStart='-330.59436' xEnd='812.8382' yEnd='-410.59436' height='600.0' thickness='7.5' pattern='hatchUp'>
    <texture attribute='leftSideTexture' name='Cemento rugoso' creator='Scopia' catalogId='eTeksScopia#concrete-wall-2' width='100.0' height='100.0' image='25'/>
  </wall>
  <wall id='wall-7ad46ccb-9a0e-4ecd-961c-c6dd2cc8a8c9' wallAtEnd='wall-ed523cec-3f37-4201-862e-e3a51da89917' xStart='812.8382' yStart='-410.59436' xEnd='892.8382' yEnd='-410.59436' height='600.0' thickness='7.5' pattern='hatchUp'>
    <texture attribute='leftSideTexture' name='Cemento rugoso' creator='Scopia' catalogId='eTeksScopia#concrete-wall-2' width='100.0' height='100.0' image='25'/>
  </wall>
  <wall id='wall-c450b52a-7bab-43c4-9bb2-a7247f93aaf4' wallAtStart='wall-1c870a80-215f-4f4d-b9eb-1fad08b30776' wallAtEnd='wall-57242879-2f83-4c8c-9717-e615341a6c3b' xStart='929.67334' yStart='-1069.9397' xEnd='929.67334' yEnd='-989.9397' height='600.0' thickness='7.5' pattern='hatchUp'>
    <texture attribute='leftSideTexture' name='Cemento rugoso' creator='Scopia' catalogId='eTeksScopia#concrete-wall-2' width='100.0' height='100.0' image='25'/>
  </wall>
  <wall id='wall-57242879-2f83-4c8c-9717-e615341a6c3b' wallAtStart='wall-c450b52a-7bab-43c4-9bb2-a7247f93aaf4' wallAtEnd='wall-cdb938df-5418-42d1-972b-4d6e58f0aa61' xStart='929.67334' yStart='-989.9397' xEnd='849.6733' yEnd='-989.9397' height='600.0' thickness='7.5' pattern='hatchUp'>
    <texture attribute='leftSideTexture' name='Cemento rugoso' creator='Scopia' catalogId='eTeksScopia#concrete-wall-2' width='100.0' height='100.0' image='25'/>
  </wall>
  <wall id='wall-cdb938df-5418-42d1-972b-4d6e58f0aa61' wallAtStart='wall-57242879-2f83-4c8c-9717-e615341a6c3b' xStart='849.6733' yStart='-989.9397' xEnd='849.6733' yEnd='-1069.9397' height='600.0' thickness='7.5' pattern='hatchUp'>
    <texture attribute='leftSideTexture' name='Cemento rugoso' creator='Scopia' catalogId='eTeksScopia#concrete-wall-2' width='100.0' height='100.0' image='25'/>
  </wall>
  <wall id='wall-1c870a80-215f-4f4d-b9eb-1fad08b30776' wallAtEnd='wall-c450b52a-7bab-43c4-9bb2-a7247f93aaf4' xStart='849.6733' yStart='-1069.9397' xEnd='929.67334' yEnd='-1069.9397' height='600.0' thickness='7.5' pattern='hatchUp'>
    <texture attribute='leftSideTexture' name='Cemento rugoso' creator='Scopia' catalogId='eTeksScopia#concrete-wall-2' width='100.0' height='100.0' image='25'/>
  </wall>
  <wall id='wall-3369a575-fbbe-4712-ba25-c7035e30430f' wallAtStart='wall-a79bd9a9-4510-4916-9372-71a6b6d635f5' wallAtEnd='wall-794ed765-fbd9-4b69-9f3d-b5da3cf12d3c' xStart='928.79504' yStart='-1232.1548' xEnd='928.79504' yEnd='-1152.1548' height='600.0' thickness='7.5' pattern='hatchUp'>
    <texture attribute='leftSideTexture' name='Cemento rugoso' creator='Scopia' catalogId='eTeksScopia#concrete-wall-2' width='100.0' height='100.0' image='25'/>
  </wall>
  <wall id='wall-794ed765-fbd9-4b69-9f3d-b5da3cf12d3c' wallAtStart='wall-3369a575-fbbe-4712-ba25-c7035e30430f' wallAtEnd='wall-befa9f12-71c7-4816-be77-bff48d7f61d8' xStart='928.79504' yStart='-1152.1548' xEnd='848.795' yEnd='-1152.1548' height='600.0' thickness='7.5' pattern='hatchUp'>
    <texture attribute='leftSideTexture' name='Cemento rugoso' creator='Scopia' catalogId='eTeksScopia#concrete-wall-2' width='100.0' height='100.0' image='25'/>
  </wall>
  <wall id='wall-befa9f12-71c7-4816-be77-bff48d7f61d8' wallAtStart='wall-794ed765-fbd9-4b69-9f3d-b5da3cf12d3c' xStart='848.795' yStart='-1152.1548' xEnd='848.795' yEnd='-1232.1548' height='600.0' thickness='7.5' pattern='hatchUp'>
    <texture attribute='leftSideTexture' name='Cemento rugoso' creator='Scopia' catalogId='eTeksScopia#concrete-wall-2' width='100.0' height='100.0' image='25'/>
  </wall>
  <wall id='wall-a79bd9a9-4510-4916-9372-71a6b6d635f5' wallAtEnd='wall-3369a575-fbbe-4712-ba25-c7035e30430f' xStart='848.795' yStart='-1232.1548' xEnd='928.79504' yEnd='-1232.1548' height='600.0' thickness='7.5' pattern='hatchUp'>
    <texture attribute='leftSideTexture' name='Cemento rugoso' creator='Scopia' catalogId='eTeksScopia#concrete-wall-2' width='100.0' height='100.0' image='25'/>
  </wall>
  <wall id='wall-b5add327-6b30-4f5f-b3f7-876715ea1242' wallAtStart='wall-0f9b24c5-b114-4821-83f8-366baee358fb' wallAtEnd='wall-7fea51df-9044-4151-b26b-4cccbf66d6e2' xStart='998.8385' yStart='-1923.1005' xEnd='998.8385' yEnd='-1843.1005' height='600.0' thickness='7.5' pattern='hatchUp'>
    <texture attribute='leftSideTexture' name='Cemento rugoso' creator='Scopia' catalogId='eTeksScopia#concrete-wall-2' width='100.0' height='100.0' image='25'/>
  </wall>
  <wall id='wall-7fea51df-9044-4151-b26b-4cccbf66d6e2' wallAtStart='wall-b5add327-6b30-4f5f-b3f7-876715ea1242' wallAtEnd='wall-0818e2de-192e-41d0-86fa-aa83df2eb0fe' xStart='998.8385' yStart='-1843.1005' xEnd='918.83844' yEnd='-1843.1005' height='600.0' thickness='7.5' pattern='hatchUp'>
    <texture attribute='leftSideTexture' name='Cemento rugoso' creator='Scopia' catalogId='eTeksScopia#concrete-wall-2' width='100.0' height='100.0' image='25'/>
  </wall>
  <wall id='wall-0818e2de-192e-41d0-86fa-aa83df2eb0fe' wallAtStart='wall-7fea51df-9044-4151-b26b-4cccbf66d6e2' xStart='918.83844' yStart='-1843.1005' xEnd='918.83844' yEnd='-1923.1005' height='600.0' thickness='7.5' pattern='hatchUp'>
    <texture attribute='leftSideTexture' name='Cemento rugoso' creator='Scopia' catalogId='eTeksScopia#concrete-wall-2' width='100.0' height='100.0' image='25'/>
  </wall>
  <wall id='wall-0f9b24c5-b114-4821-83f8-366baee358fb' wallAtEnd='wall-b5add327-6b30-4f5f-b3f7-876715ea1242' xStart='918.83844' yStart='-1923.1005' xEnd='998.8385' yEnd='-1923.1005' height='600.0' thickness='7.5' pattern='hatchUp'>
    <texture attribute='leftSideTexture' name='Cemento rugoso' creator='Scopia' catalogId='eTeksScopia#concrete-wall-2' width='100.0' height='100.0' image='25'/>
  </wall>
  <wall id='wall-4ac9e526-5d5c-4a4e-a067-1c56119b079c' xStart='207.57788' yStart='1510.2368' xEnd='826.58875' yEnd='1510.2368' height='600.0' thickness='7.5' pattern='hatchUp' leftSideColor='FFFFFFFF' rightSideColor='FFF0F0F0'/>
  <wall id='wall-5c703cce-c6e6-4422-82dd-76aba903d0a3' wallAtStart='wall-aea96f73-a3f2-4209-b9a4-c95aa73dbfbe' wallAtEnd='wall-57948cc6-0277-4eb0-bfb1-a1834e161cc4' xStart='284.30066' yStart='332.16025' xEnd='284.30066' yEnd='412.16025' height='600.0' thickness='7.5' pattern='hatchUp'>
    <texture attribute='leftSideTexture' name='Cemento rugoso' creator='Scopia' catalogId='eTeksScopia#concrete-wall-2' width='100.0' height='100.0' image='25'/>
  </wall>
  <wall id='wall-57948cc6-0277-4eb0-bfb1-a1834e161cc4' wallAtStart='wall-5c703cce-c6e6-4422-82dd-76aba903d0a3' wallAtEnd='wall-8506a7f6-8c3d-408d-93c0-90fef531fedc' xStart='284.30066' yStart='412.16025' xEnd='204.30072' yEnd='412.16025' height='600.0' thickness='7.5' pattern='hatchUp'>
    <texture attribute='leftSideTexture' name='Cemento rugoso' creator='Scopia' catalogId='eTeksScopia#concrete-wall-2' width='100.0' height='100.0' image='25'/>
  </wall>
  <wall id='wall-8506a7f6-8c3d-408d-93c0-90fef531fedc' wallAtStart='wall-57948cc6-0277-4eb0-bfb1-a1834e161cc4' wallAtEnd='wall-aea96f73-a3f2-4209-b9a4-c95aa73dbfbe' xStart='204.30072' yStart='412.16025' xEnd='204.30072' yEnd='332.16025' height='600.0' thickness='7.5' pattern='hatchUp'>
    <texture attribute='leftSideTexture' name='Cemento rugoso' creator='Scopia' catalogId='eTeksScopia#concrete-wall-2' width='100.0' height='100.0' image='25'/>
  </wall>
  <wall id='wall-aea96f73-a3f2-4209-b9a4-c95aa73dbfbe' wallAtStart='wall-8506a7f6-8c3d-408d-93c0-90fef531fedc' wallAtEnd='wall-5c703cce-c6e6-4422-82dd-76aba903d0a3' xStart='204.30072' yStart='332.16025' xEnd='284.30066' yEnd='332.16025' height='600.0' thickness='7.5' pattern='hatchUp'>
    <texture attribute='leftSideTexture' name='Cemento rugoso' creator='Scopia' catalogId='eTeksScopia#concrete-wall-2' width='100.0' height='100.0' image='25'/>
  </wall>
  <wall id='wall-bfdec798-adc2-48ac-8c8e-892fd462354d' wallAtStart='wall-7df80295-3223-4b91-aab9-19862318b137' wallAtEnd='wall-a1faf72e-2346-44f9-8d31-9259e5bea072' xStart='832.4602' yStart='335.28647' xEnd='832.4602' yEnd='415.28647' height='600.0' thickness='7.5' pattern='hatchUp'>
    <texture attribute='leftSideTexture' name='Cemento rugoso' creator='Scopia' catalogId='eTeksScopia#concrete-wall-2' width='100.0' height='100.0' image='25'/>
  </wall>
  <wall id='wall-a1faf72e-2346-44f9-8d31-9259e5bea072' wallAtStart='wall-bfdec798-adc2-48ac-8c8e-892fd462354d' wallAtEnd='wall-06352764-9bfe-4a00-b75e-08624a558d75' xStart='832.4602' yStart='415.28647' xEnd='752.46027' yEnd='415.28647' height='600.0' thickness='7.5' pattern='hatchUp'>
    <texture attribute='leftSideTexture' name='Cemento rugoso' creator='Scopia' catalogId='eTeksScopia#concrete-wall-2' width='100.0' height='100.0' image='25'/>
  </wall>
  <wall id='wall-06352764-9bfe-4a00-b75e-08624a558d75' wallAtStart='wall-a1faf72e-2346-44f9-8d31-9259e5bea072' wallAtEnd='wall-7df80295-3223-4b91-aab9-19862318b137' xStart='752.46027' yStart='415.28647' xEnd='752.46027' yEnd='335.28647' height='600.0' thickness='7.5' pattern='hatchUp'>
    <texture attribute='leftSideTexture' name='Cemento rugoso' creator='Scopia' catalogId='eTeksScopia#concrete-wall-2' width='100.0' height='100.0' image='25'/>
  </wall>
  <wall id='wall-7df80295-3223-4b91-aab9-19862318b137' wallAtStart='wall-06352764-9bfe-4a00-b75e-08624a558d75' wallAtEnd='wall-bfdec798-adc2-48ac-8c8e-892fd462354d' xStart='752.46027' yStart='335.28647' xEnd='832.4602' yEnd='335.28647' height='600.0' thickness='7.5' pattern='hatchUp'>
    <texture attribute='leftSideTexture' name='Cemento rugoso' creator='Scopia' catalogId='eTeksScopia#concrete-wall-2' width='100.0' height='100.0' image='25'/>
  </wall>
  <wall id='wall-35d7a02c-30e7-4149-8c70-7ec2305ae7ed' wallAtStart='wall-b32e7e00-5ba7-495b-a59a-1d0ecf2624a0' wallAtEnd='wall-f6954e5a-0c94-4ad4-a339-9806dfc9e50e' xStart='286.0538' yStart='1294.6034' xEnd='206.0536' yEnd='1294.6034' height='600.0' thickness='7.5' pattern='hatchUp'>
    <texture attribute='leftSideTexture' name='Cemento rugoso' creator='Scopia' catalogId='eTeksScopia#concrete-wall-2' width='100.0' height='100.0' image='25'/>
  </wall>
  <wall id='wall-fcc92867-43b6-467e-87b0-f3207fd41ae6' wallAtStart='wall-f6954e5a-0c94-4ad4-a339-9806dfc9e50e' wallAtEnd='wall-b32e7e00-5ba7-495b-a59a-1d0ecf2624a0' xStart='206.0536' yStart='1214.6034' xEnd='286.0538' yEnd='1214.6034' height='600.0' thickness='7.5' pattern='hatchUp'>
    <texture attribute='leftSideTexture' name='Cemento rugoso' creator='Scopia' catalogId='eTeksScopia#concrete-wall-2' width='100.0' height='100.0' image='25'/>
  </wall>
  <wall id='wall-b32e7e00-5ba7-495b-a59a-1d0ecf2624a0' wallAtStart='wall-fcc92867-43b6-467e-87b0-f3207fd41ae6' wallAtEnd='wall-35d7a02c-30e7-4149-8c70-7ec2305ae7ed' xStart='286.0538' yStart='1214.6034' xEnd='286.0538' yEnd='1294.6034' height='600.0' thickness='7.5' pattern='hatchUp'>
    <texture attribute='leftSideTexture' name='Cemento rugoso' creator='Scopia' catalogId='eTeksScopia#concrete-wall-2' width='100.0' height='100.0' image='25'/>
  </wall>
  <wall id='wall-f6954e5a-0c94-4ad4-a339-9806dfc9e50e' wallAtStart='wall-35d7a02c-30e7-4149-8c70-7ec2305ae7ed' wallAtEnd='wall-fcc92867-43b6-467e-87b0-f3207fd41ae6' xStart='206.0536' yStart='1294.6034' xEnd='206.0536' yEnd='1214.6034' height='600.0' thickness='7.5' pattern='hatchUp'>
    <texture attribute='leftSideTexture' name='Cemento rugoso' creator='Scopia' catalogId='eTeksScopia#concrete-wall-2' width='100.0' height='100.0' image='25'/>
  </wall>
  <wall id='wall-51599361-ea6d-4217-83a7-ffefa0b09984' wallAtStart='wall-8eddcb7d-0931-4c42-b387-9d8be27b1662' wallAtEnd='wall-29322a58-19c1-45a7-84ab-ff558c83133c' xStart='746.5888' yStart='1293.9803' xEnd='746.5888' yEnd='1213.9803' height='600.0' thickness='7.5' pattern='hatchUp'>
    <texture attribute='leftSideTexture' name='Cemento rugoso' creator='Scopia' catalogId='eTeksScopia#concrete-wall-2' width='100.0' height='100.0' image='25'/>
  </wall>
  <wall id='wall-8eddcb7d-0931-4c42-b387-9d8be27b1662' wallAtStart='wall-025afb1d-270c-4c57-9f46-a9a117989105' wallAtEnd='wall-51599361-ea6d-4217-83a7-ffefa0b09984' xStart='826.58875' yStart='1293.9803' xEnd='746.5888' yEnd='1293.9803' height='600.0' thickness='7.5' pattern='hatchUp'>
    <texture attribute='leftSideTexture' name='Cemento rugoso' creator='Scopia' catalogId='eTeksScopia#concrete-wall-2' width='100.0' height='100.0' image='25'/>
  </wall>
  <wall id='wall-29322a58-19c1-45a7-84ab-ff558c83133c' wallAtStart='wall-51599361-ea6d-4217-83a7-ffefa0b09984' wallAtEnd='wall-025afb1d-270c-4c57-9f46-a9a117989105' xStart='746.5888' yStart='1213.9803' xEnd='826.58875' yEnd='1213.9803' height='600.0' thickness='7.5' pattern='hatchUp'>
    <texture attribute='leftSideTexture' name='Cemento rugoso' creator='Scopia' catalogId='eTeksScopia#concrete-wall-2' width='100.0' height='100.0' image='25'/>
  </wall>
  <wall id='wall-025afb1d-270c-4c57-9f46-a9a117989105' wallAtStart='wall-29322a58-19c1-45a7-84ab-ff558c83133c' wallAtEnd='wall-8eddcb7d-0931-4c42-b387-9d8be27b1662' xStart='826.58875' yStart='1213.9803' xEnd='826.58875' yEnd='1293.9803' height='600.0' thickness='7.5' pattern='hatchUp'>
    <texture attribute='leftSideTexture' name='Cemento rugoso' creator='Scopia' catalogId='eTeksScopia#concrete-wall-2' width='100.0' height='100.0' image='25'/>
  </wall>
  <wall id='wall-cac336ae-127b-49b3-af78-72ead9a14fb1' xStart='820.53613' yStart='1.8479701' xEnd='277.53613' yEnd='1.8479701' height='600.0' thickness='7.5' pattern='hatchUp'>
    <texture attribute='leftSideTexture' name='Paneles de madera' creator='Scopia' catalogId='eTeksScopia#wood-paneling' width='100.0' height='100.0' scale='1.5' image='29'/>
    <texture attribute='rightSideTexture' name='Paneles de madera' creator='Scopia' catalogId='eTeksScopia#wood-paneling' width='100.0' height='100.0' scale='1.5' image='29'/>
  </wall>
  <room id='room-1b78d7ee-9111-4669-93f0-79ec3568b7ce' name='Piso' areaVisible='true' floorShininess='0.25' ceilingFlat='true'>
    <texture attribute='floorTexture' name='Baldosas grises de cerámica' creator='Scopia' catalogId='eTeksScopia#grey-ceramic-tiles' width='100.0' height='100.0' image='26'/>
    <texture attribute='ceilingTexture' name='Cemento rugoso' creator='Scopia' catalogId='eTeksScopia#concrete-wall-2' width='100.0' height='100.0' image='25'/>
    <point x='202.91156' y='3.870224'/>
    <point x='1714.1152' y='3.870224'/>
    <point x='1714.1151' y='1671.8557'/>
    <point x='202.91156' y='1688.8705'/>
  </room>
  <room id='room-ddd92df9-596c-4dcf-87de-5e1304acaaa3' name='Piso' areaVisible='true' ceilingVisible='false' ceilingFlat='true'>
    <texture attribute='floorTexture' name='Cerámica gris en tiras' creator='Scopia' catalogId='eTeksScopia#thin-grey-ceramics-floor-tiles' width='100.0' height='100.0' scale='1.5' image='27'/>
    <point x='200.23352' y='-1966.4742'/>
    <point x='1711.437' y='-1966.4742'/>
    <point x='1711.437' y='6.5255127'/>
    <point x='200.23352' y='6.5255127'/>
  </room>
  <room id='room-0a3ec1f6-d72d-442b-9fca-26894fbe85ef' areaVisible='true' ceilingVisible='false' ceilingFlat='true'>
    <point x='-780.6811' y='567.12463'/>
    <point x='-113.68109' y='567.12463'/>
    <point x='-113.68109' y='957.12463'/>
    <point x='-780.6811' y='957.1246'/>
  </room>
  <room id='room-22be4ee9-99da-40cc-9f1d-7fa302f15b23' areaVisible='true' floorColor='FF000000' ceilingVisible='false' ceilingFlat='true'>
    <point x='1172.3705' y='-1681.7836'/>
    <point x='1620.098' y='-1681.7836'/>
    <point x='1620.098' y='-551.78357'/>
    <point x='1172.3705' y='-551.78357'/>
  </room>
  <room id='room-b46ad953-8e55-4866-b9e2-c71375d2cc45' areaVisible='true' floorColor='FF000000' ceilingVisible='false' ceilingFlat='true'>
    <point x='328.9076' y='-1661.7836'/>
    <point x='776.63513' y='-1661.7836'/>
    <point x='776.63513' y='-531.78357'/>
    <point x='328.9076' y='-531.78357'/>
  </room>
  <room id='room-675de37b-4b71-4094-8d95-e897526549ce' name='Piso' areaVisible='true' ceilingVisible='false' ceilingFlat='true'>
    <texture attribute='floorTexture' name='Cerámica gris en tiras' creator='Scopia' catalogId='eTeksScopia#thin-grey-ceramics-floor-tiles' width='100.0' height='100.0' scale='1.5' image='27'/>
    <point x='-1311.9094' y='-291.60278'/>
    <point x='199.29343' y='-291.60278'/>
    <point x='199.29343' y='1681.397'/>
    <point x='-1311.9094' y='1681.397'/>
  </room>
  <room id='room-ce10d4b1-6f6d-4c9d-9c21-d9eedeb64815' areaVisible='true' floorColor='FF000000' ceilingVisible='false' ceilingFlat='true'>
    <point x='2153.224' y='213.91809'/>
    <point x='2526.2244' y='213.91809'/>
    <point x='2526.2244' y='1686.9688'/>
    <point x='2153.224' y='1686.9688'/>
  </room>
  <room id='room-86c185f4-09b5-4dc5-bd84-d5aa9471570a' areaVisible='true' ceilingVisible='false' ceilingFlat='true'>
    <texture attribute='floorTexture' name='Hierba' creator='eTeks' catalogId='eTeks#grass' width='30.0' height='30.0' image='28'/>
    <point x='2549.0432' y='213.03918'/>
    <point x='2922.0432' y='213.03918'/>
    <point x='2922.0432' y='1686.0898'/>
    <point x='2549.0432' y='1686.0898'/>
  </room>
</home>